Booking_ID,TIcketHolder_ID,Ticket_ID,PaymentType
BKNG_001,C_0001,G1_V5A_001,Card
BKNG_002,C_0002,G1_V5A_002,Card
BKNG_003,C_0003,G1_V5A_003,Card
BKNG_004,C_0004,G1_V5A_004,Card
BKNG_005,C_0005,G1_V5A_005,Card
BKNG_005,C_0010,G1_V5A_010,Card
BKNG_005,C_0011,G1_V5A_011,Card
BKNG_005,C_0012,G1_V5A_012,Card
BKNG_005,C_0013,G1_V5A_013,Card
BKNG_005,C_0014,G1_V5A_014,Card
BKNG_005,C_0015,G1_V5A_015,Card
BKNG_006,C_0016,G1_V5A_016,Card
BKNG_006,C_0017,G1_V5A_019,Card
BKNG_006,C_0017,G4_V1B_054,Card
BKNG_006,C_0018,G4_V1B_056,Card
BKNG_006,C_0018,G6_V4B_289,Card
BKNG_006,C_0019,G6_V4B_290,Card
BKNG_006,C_0019,G6_V4B_292,Card
BKNG_007,C_0020,G1_V5A_020,Card
BKNG_007,C_0021,G1_V5A_023,Card
BKNG_007,C_0021,G4_V1B_057,Card
BKNG_007,C_0022,G4_V1B_058,Card
BKNG_007,C_0023,G4_V1B_061,Card
BKNG_007,C_0023,G6_V4B_293,Card
BKNG_007,C_0023,G6_V4B_294,Card
BKNG_007,C_0024,G6_V4B_295,Card
BKNG_008,C_0025,G1_V5A_025,Card
BKNG_008,C_0026,G1_V5A_026,Card
BKNG_008,C_0027,G1_V5A_027,Card
BKNG_008,C_0028,G1_V5A_028,Card
BKNG_008,C_0029,G1_V5A_029,Card
BKNG_009,C_0030,G1_V5A_030,Card
BKNG_009,C_0031,G1_V5A_031,Card
BKNG_009,C_0032,G1_V5A_032,Card
BKNG_009,C_0033,G1_V5A_033,Card
BKNG_009,C_0034,G1_V5A_034,Card
BKNG_009,C_0035,G1_V5A_035,Card
BKNG_009,C_0036,G1_V5A_036,Card
BKNG_009,C_0037,G1_V5A_037,Card
BKNG_009,C_0038,G1_V5A_038,Card
BKNG_010,C_0039,G1_V5A_039,Card
BKNG_010,C_0040,G1_V5A_040,Card
BKNG_010,C_0041,G1_V5A_041,Card
BKNG_010,C_0042,G1_V5A_042,Card
BKNG_010,C_0043,G1_V5A_043,Card
BKNG_010,C_0044,G1_V5A_044,Card
BKNG_010,C_0045,G1_V5A_045,Card
BKNG_010,C_0046,G1_V5A_046,Card
BKNG_011,C_0047,G1_V5A_047,Card
BKNG_012,C_0048,G1_V5A_048,Card
BKNG_013,C_0049,G1_V5A_049,Card
BKNG_014,C_0050,G1_V5A_050,Card
BKNG_015,C_0051,G1_V5A_051,Card
BKNG_015,C_0551,G3_V3A_001,Card
BKNG_015,C_0551,G3_V3A_002,Card
BKNG_015,C_0552,G3_V3A_003,Card
BKNG_015,C_0552,G3_V3A_004,Card
BKNG_015,C_0553,G3_V3A_005,Card
BKNG_015,C_0553,G3_V3A_006,Card
BKNG_015,C_0554,G3_V3A_007,Card
BKNG_015,C_0554,G6_V4B_331,Card
BKNG_015,C_0555,G6_V4B_333,Card
BKNG_015,C_0556,G6_V4B_335,Card
BKNG_015,C_0557,G6_V4B_336,Card
BKNG_016,C_0052,G1_V5A_052,Card
BKNG_016,C_0053,G1_V5A_053,Card
BKNG_016,C_0558,G3_V3A_008,Card
BKNG_016,C_0558,G3_V3A_009,Card
BKNG_016,C_0559,G3_V3A_010,Card
BKNG_016,C_0559,G6_V4B_338,Card
BKNG_016,C_0560,G6_V4B_339,Card
BKNG_017,C_0054,G1_V5A_054,Card
BKNG_017,C_0055,G1_V5A_055,Card
BKNG_017,C_0561,G3_V3A_011,Card
BKNG_017,C_0561,G6_V4B_341,Card
BKNG_018,C_0056,G1_V5A_056,Card
BKNG_018,C_0057,G1_V5A_057,Card
BKNG_018,C_0562,G3_V3A_012,Card
BKNG_018,C_0562,G6_V4B_342,Card
BKNG_019,C_0058,G1_V5A_058,Card
BKNG_019,C_0059,G1_V5A_059,Card
BKNG_019,C_0563,G3_V3A_013,Card
BKNG_019,C_0563,G6_V4B_343,Card
BKNG_020,C_0564,G3_V3A_014,Card
BKNG_020,C_0564,G6_V4B_344,Card
BKNG_021,C_0565,G3_V3A_015,Card
BKNG_021,C_0565,G6_V4B_345,Card
BKNG_022,C_0060,G1_V5A_060,Card
BKNG_022,C_0061,G1_V5A_061,Card
BKNG_022,C_0062,G1_V5A_062,Card
BKNG_022,C_0063,G1_V5A_063,Card
BKNG_023,C_0064,G1_V5A_064,Card
BKNG_023,C_0065,G1_V5A_065,Card
BKNG_023,C_0066,G1_V5A_066,Card
BKNG_023,C_0067,G1_V5A_067,Card
BKNG_024,C_0068,G1_V5A_068,Card
BKNG_024,C_0069,G1_V5A_069,Card
BKNG_024,C_0070,G1_V5A_070,Card
BKNG_024,C_0071,G1_V5A_071,Card
BKNG_024,C_0072,G1_V5A_072,Card
BKNG_024,C_0073,G1_V5A_073,Card
BKNG_024,C_0074,G1_V5A_074,Card
BKNG_024,C_0075,G1_V5A_075,Card
BKNG_024,C_0076,G1_V5A_076,Card
BKNG_024,C_0077,G1_V5A_077,Card
BKNG_024,C_0078,G1_V5A_078,Card
BKNG_024,C_0079,G1_V5A_079,Card
BKNG_024,C_0080,G1_V5A_080,Card
BKNG_024,C_0081,G1_V5A_081,Card
BKNG_024,C_0082,G1_V5A_082,Card
BKNG_024,C_0083,G1_V5A_083,Card
BKNG_024,C_0084,G1_V5A_084,Card
BKNG_024,C_0085,G1_V5A_085,Card
BKNG_024,C_0086,G1_V5A_086,Card
BKNG_024,C_0087,G1_V5A_087,Card
BKNG_024,C_0088,G1_V5A_088,Card
BKNG_025,C_0088,G1_V5A_089,Card
BKNG_025,C_0088,G3_V3B_051,Card
BKNG_025,C_0089,G4_V1B_079,Card
BKNG_025,C_0089,G6_V4A_079,Card
BKNG_026,C_0090,G1_V5A_090,Card
BKNG_026,C_0090,G1_V5A_091,Card
BKNG_026,C_0090,G3_V3B_053,Card
BKNG_026,C_0091,G4_V1B_082,Card
BKNG_026,C_0091,G6_V4A_080,Card
BKNG_027,C_0092,G1_V5A_092,Card
BKNG_027,C_0092,G1_V5A_093,Card
BKNG_027,C_0092,G1_V5A_094,Card
BKNG_027,C_0092,G3_V3B_055,Card
BKNG_027,C_0093,G3_V3B_056,Card
BKNG_027,C_0093,G4_V1B_083,Card
BKNG_027,C_0094,G4_V1B_085,Card
BKNG_027,C_0094,G6_V4A_084,Card
BKNG_028,C_0095,G1_V5A_095,Card
BKNG_028,C_0095,G1_V5A_096,Card
BKNG_028,C_0095,G1_V5A_097,Card
BKNG_028,C_0095,G3_V3B_058,Card
BKNG_028,C_0096,G3_V3B_198,Card
BKNG_028,C_0096,G4_V1B_086,Card
BKNG_028,C_0097,G4_V1B_088,Card
BKNG_028,C_0097,G6_V4A_085,Card
BKNG_029,C_0098,G1_V5A_098,Card
BKNG_029,C_0098,G1_V5A_099,Card
BKNG_029,C_0098,G3_V3B_200,Card
BKNG_029,C_0098,G5_V1B_051,Card
BKNG_029,C_0099,G5_V1B_052,Card
BKNG_029,C_0099,G6_V4A_089,Card
BKNG_030,C_0100,G1_V5A_100,Card
BKNG_030,C_0100,G5_V1B_053,Card
BKNG_030,C_0100,G6_V4A_090,Card
BKNG_031,C_0101,G1_V5B_101,Card
BKNG_031,C_0102,G1_V5B_102,Card
BKNG_031,C_0103,G1_V5B_103,Card
BKNG_031,C_0104,G1_V5B_104,Card
BKNG_031,C_0105,G1_V5B_105,Card
BKNG_031,C_0106,G1_V5B_106,Card
BKNG_031,C_0107,G1_V5B_107,Card
BKNG_031,C_0108,G1_V5B_108,Card
BKNG_031,C_0109,G1_V5B_109,Card
BKNG_031,C_0110,G1_V5B_110,Card
BKNG_032,C_0111,G1_V5B_111,Card
BKNG_032,C_0112,G1_V5B_112,Card
BKNG_032,C_0113,G1_V5B_113,Card
BKNG_032,C_0114,G1_V5B_114,Card
BKNG_033,C_0115,G1_V5B_115,Card
BKNG_033,C_0116,G1_V5B_116,Card
BKNG_033,C_0117,G1_V5B_117,Card
BKNG_033,C_0118,G1_V5B_118,Card
BKNG_033,C_0119,G1_V5B_119,Card
BKNG_033,C_0120,G1_V5B_120,Card
BKNG_033,C_0121,G1_V5B_121,Card
BKNG_034,C_0122,G1_V5B_122,Card
BKNG_034,C_0123,G1_V5B_123,Card
BKNG_034,C_0124,G1_V5B_124,Card
BKNG_034,C_0125,G1_V5B_125,Card
BKNG_034,C_0126,G1_V5B_126,Card
BKNG_034,C_0127,G1_V5B_127,Card
BKNG_034,C_0128,G1_V5B_128,Card
BKNG_034,C_0129,G1_V5B_129,Card
BKNG_034,C_0130,G1_V5B_130,Card
BKNG_034,C_0131,G1_V5B_131,Card
BKNG_034,C_0132,G1_V5B_132,Card
BKNG_034,C_0133,G1_V5B_133,Card
BKNG_034,C_0134,G1_V5B_134,Card
BKNG_035,C_0135,G1_V5B_135,Card
BKNG_035,C_0209,G2_V2A_024,Card
BKNG_035,C_0266,G5_V1B_146,Card
BKNG_035,C_0374,G6_V4A_048,Card
BKNG_036,C_0136,G1_V5B_136,Card
BKNG_036,C_0375,G6_V4B_125,Card
BKNG_037,C_0137,G1_V5B_137,Card
BKNG_037,C_0210,G1_V5B_267,Card
BKNG_037,C_0267,G2_V2A_026,Card
BKNG_037,C_0376,G5_V1B_090,Card
BKNG_038,C_0138,G1_V5B_138,Card
BKNG_038,C_0210,G2_V2A_027,Card
BKNG_038,C_0267,G5_V1B_147,Card
BKNG_038,C_0377,G6_V4A_049,Card
BKNG_039,C_0139,G1_V5B_139,Card
BKNG_039,C_0211,G1_V5B_211,Card
BKNG_039,C_0378,G6_V4B_126,Card
BKNG_040,C_0140,G1_V5B_140,Card
BKNG_040,C_0379,G5_V1B_091,Card
BKNG_041,C_0141,G1_V5B_141,Card
BKNG_041,C_0211,G2_V2A_030,Card
BKNG_041,C_0268,G5_V1B_148,Card
BKNG_041,C_0380,G6_V4A_050,Card
BKNG_042,C_0142,G1_V5B_142,Card
BKNG_042,C_0268,G2_V2A_031,Card
BKNG_042,C_0381,G6_V4B_127,Card
BKNG_043,C_0143,G1_V5B_143,Card
BKNG_043,C_0212,G1_V5B_269,Card
BKNG_043,C_0382,G5_V1B_092,Card
BKNG_044,C_0144,G1_V5B_144,Card
BKNG_044,C_0212,G2_V2A_033,Card
BKNG_044,C_0269,G5_V1B_149,Card
BKNG_044,C_0383,G6_V4A_051,Card
BKNG_045,C_0145,G1_V5B_145,Card
BKNG_045,C_0213,G1_V5B_213,Card
BKNG_045,C_0269,G2_V2A_034,Card
BKNG_045,C_0384,G6_V4B_128,Card
BKNG_046,C_0146,G1_V5B_146,Card
BKNG_046,C_0385,G5_V1B_093,Card
BKNG_047,C_0147,G1_V5B_147,Card
BKNG_047,C_0213,G2_V2A_036,Card
BKNG_047,C_0270,G5_V1B_150,Card
BKNG_047,C_0386,G6_V4A_052,Card
BKNG_048,C_0148,G1_V5B_148,Card
BKNG_048,C_0270,G2_V2A_037,Card
BKNG_048,C_0387,G6_V4B_129,Card
BKNG_049,C_0149,G1_V5B_149,Card
BKNG_049,C_0214,G1_V5B_271,Card
BKNG_049,C_0388,G5_V1B_094,Card
BKNG_050,C_0150,G1_V5B_150,Card
BKNG_050,C_0214,G2_V2A_039,Card
BKNG_050,C_0271,G5_V1B_151,Card
BKNG_050,C_0389,G6_V4A_053,Card
BKNG_051,C_0151,G1_V5B_151,Card
BKNG_051,C_0215,G1_V5B_215,Card
BKNG_051,C_0271,G2_V2A_040,Card
BKNG_051,C_0390,G6_V4B_130,Card
BKNG_052,C_0152,G1_V5B_152,Card
BKNG_052,C_0391,G5_V1B_095,Card
BKNG_053,C_0153,G1_V5B_153,Card
BKNG_053,C_0215,G2_V2A_042,Card
BKNG_053,C_0272,G5_V1B_152,Card
BKNG_053,C_0392,G6_V4A_054,Card
BKNG_054,C_0154,G1_V5B_154,Card
BKNG_054,C_0272,G2_V2A_043,Card
BKNG_054,C_0393,G6_V4B_131,Card
BKNG_055,C_0155,G1_V5B_155,Card
BKNG_055,C_0216,G1_V5B_273,Card
BKNG_055,C_0273,G2_V2A_044,Card
BKNG_055,C_0394,G5_V1B_096,Card
BKNG_056,C_0156,G1_V5B_156,Card
BKNG_056,C_0216,G2_V2A_045,Card
BKNG_056,C_0273,G5_V1B_153,Card
BKNG_056,C_0395,G6_V4A_055,Card
BKNG_057,C_0157,G1_V5B_157,Card
BKNG_057,C_0217,G1_V5B_217,Card
BKNG_057,C_0396,G6_V4B_132,Card
BKNG_058,C_0158,G1_V5B_158,Card
BKNG_058,C_0397,G5_V1B_097,Card
BKNG_059,C_0159,G1_V5B_159,Card
BKNG_059,C_0217,G2_V2A_048,Card
BKNG_059,C_0274,G5_V1B_154,Card
BKNG_059,C_0398,G6_V4A_056,Card
BKNG_060,C_0160,G1_V5B_160,Card
BKNG_060,C_0274,G2_V2A_049,Card
BKNG_060,C_0399,G6_V4B_133,Card
BKNG_061,C_0161,G1_V5B_161,Card
BKNG_061,C_0218,G1_V5B_275,Card
BKNG_061,C_0275,G2_V2A_050,Card
BKNG_061,C_0400,G5_V1B_098,Card
BKNG_062,C_0162,G1_V5B_162,Card
BKNG_062,C_0218,G2_V2B_051,Card
BKNG_062,C_0275,G5_V1B_155,Card
BKNG_062,C_0401,G6_V4A_057,Card
BKNG_063,C_0219,G2_V2B_052,Card
BKNG_063,C_0275,G4_V1B_051,Card
BKNG_063,C_0402,G6_V4B_134,Card
BKNG_064,C_0276,G5_V1B_099,Card
BKNG_064,C_0403,G6_V4A_001,Card
BKNG_065,C_0163,G1_V5B_163,Card
BKNG_065,C_0404,G6_V4A_058,Card
BKNG_066,C_0276,G4_V1B_052,Card
BKNG_066,C_0405,G6_V4B_135,Card
BKNG_067,C_0406,G6_V4A_002,Card
BKNG_068,C_0164,G1_V5B_164,Card
BKNG_068,C_0220,G2_V2B_057,Card
BKNG_068,C_0277,G5_V1B_157,Card
BKNG_068,C_0407,G6_V4A_059,Card
BKNG_069,C_0221,G2_V2B_058,Card
BKNG_069,C_0277,G4_V1B_062,Card
BKNG_069,C_0408,G6_V4B_136,Card
BKNG_070,C_0409,G3_V3B_066,Card
BKNG_070,C_0589,G3_V3B_077,Card
BKNG_070,C_0616,G5_V1B_101,Card
BKNG_070,C_0627,G6_V4A_003,Card
BKNG_071,C_0165,G1_V5B_165,Card
BKNG_071,C_0278,G5_V1B_158,Card
BKNG_071,C_0410,G6_V4A_060,Card
BKNG_071,C_0589,G6_V4B_171,Card
BKNG_071,C_0616,G6_V4B_182,Card
BKNG_072,C_0278,G3_V3A_040,Card
BKNG_072,C_0411,G3_V3B_067,Card
BKNG_072,C_0590,G3_V3B_078,Card
BKNG_072,C_0617,G4_V1B_063,Card
BKNG_073,C_0279,G5_V1B_102,Card
BKNG_073,C_0412,G6_V4A_004,Card
BKNG_073,C_0590,G6_V4B_172,Card
BKNG_073,C_0617,G6_V4B_183,Card
BKNG_073,C_0628,G6_V4B_370,Card
BKNG_074,C_0166,G1_V5B_166,Card
BKNG_074,C_0222,G2_V2B_063,Card
BKNG_074,C_0279,G3_V3A_041,Card
BKNG_074,C_0413,G3_V3B_068,Card
BKNG_074,C_0591,G3_V3B_079,Card
BKNG_074,C_0618,G5_V1B_159,Card
BKNG_074,C_0629,G6_V4A_068,Card
BKNG_075,C_0223,G2_V2B_064,Card
BKNG_075,C_0279,G4_V1B_064,Card
BKNG_075,C_0414,G6_V4B_138,Card
BKNG_075,C_0591,G6_V4B_173,Card
BKNG_075,C_0618,G6_V4B_184,Card
BKNG_076,C_0415,G3_V3B_069,Card
BKNG_076,C_0592,G3_V3B_080,Card
BKNG_076,C_0619,G5_V1B_103,Card
BKNG_077,C_0167,G1_V5B_167,Card
BKNG_077,C_0280,G5_V1B_160,Card
BKNG_077,C_0416,G6_V4A_069,Card
BKNG_077,C_0592,G6_V4B_163,Card
BKNG_077,C_0619,G6_V4B_174,Card
BKNG_077,C_0630,G6_V4B_185,Card
BKNG_078,C_0280,G3_V3B_059,Card
BKNG_078,C_0417,G3_V3B_070,Card
BKNG_078,C_0609,G3_V3B_081,Card
BKNG_078,C_0620,G4_V1B_065,Card
BKNG_078,C_0631,G6_V4B_139,Card
BKNG_079,C_0281,G5_V1B_104,Card
BKNG_079,C_0418,G6_V4A_006,Card
BKNG_079,C_0609,G6_V4B_164,Card
BKNG_079,C_0620,G6_V4B_175,Card
BKNG_080,C_0168,G1_V5B_168,Card
BKNG_080,C_0224,G2_V2B_069,Card
BKNG_080,C_0281,G3_V3B_060,Card
BKNG_080,C_0419,G3_V3B_071,Card
BKNG_080,C_0610,G3_V3B_082,Card
BKNG_080,C_0621,G5_V1B_161,Card
BKNG_081,C_0225,G2_V2B_070,Card
BKNG_081,C_0281,G4_V1B_066,Card
BKNG_081,C_0420,G6_V4B_140,Card
BKNG_081,C_0610,G6_V4B_165,Card
BKNG_081,C_0621,G6_V4B_176,Card
BKNG_081,C_0632,G6_V4B_187,Card
BKNG_082,C_0421,G3_V3B_072,Card
BKNG_082,C_0611,G3_V3B_083,Card
BKNG_082,C_0622,G5_V1B_105,Card
BKNG_082,C_0633,G6_V4A_007,Card
BKNG_083,C_0169,G1_V5B_169,Card
BKNG_083,C_0282,G5_V1B_162,Card
BKNG_083,C_0422,G6_V4A_071,Card
BKNG_083,C_0611,G6_V4B_166,Card
BKNG_083,C_0622,G6_V4B_177,Card
BKNG_084,C_0282,G3_V3B_062,Card
BKNG_084,C_0423,G3_V3B_073,Card
BKNG_084,C_0612,G3_V3B_084,Card
BKNG_084,C_0623,G4_V1B_067,Card
BKNG_085,C_0283,G5_V1B_106,Card
BKNG_085,C_0424,G6_V4A_008,Card
BKNG_085,C_0612,G6_V4B_167,Card
BKNG_085,C_0623,G6_V4B_178,Card
BKNG_085,C_0634,G6_V4B_189,Card
BKNG_086,C_0170,G1_V5B_170,Card
BKNG_086,C_0226,G2_V2B_075,Card
BKNG_086,C_0283,G3_V3B_063,Card
BKNG_086,C_0425,G3_V3B_074,Card
BKNG_086,C_0613,G3_V3B_085,Card
BKNG_086,C_0624,G5_V1B_163,Card
BKNG_086,C_0635,G6_V4A_072,Card
BKNG_087,C_0227,G2_V2B_076,Card
BKNG_087,C_0283,G4_V1B_068,Card
BKNG_087,C_0426,G6_V4B_142,Card
BKNG_087,C_0613,G6_V4B_168,Card
BKNG_087,C_0624,G6_V4B_179,Card
BKNG_088,C_0427,G3_V3B_075,Card
BKNG_088,C_0614,G3_V3B_086,Card
BKNG_088,C_0625,G5_V1B_107,Card
BKNG_089,C_0171,G1_V5B_171,Card
BKNG_089,C_0284,G5_V1B_164,Card
BKNG_089,C_0428,G6_V4A_073,Card
BKNG_089,C_0614,G6_V4B_169,Card
BKNG_089,C_0625,G6_V4B_180,Card
BKNG_089,C_0636,G6_V4B_191,Card
BKNG_090,C_0284,G3_V3B_065,Card
BKNG_090,C_0429,G3_V3B_076,Card
BKNG_090,C_0615,G3_V3B_087,Card
BKNG_090,C_0626,G4_V1B_069,Card
BKNG_090,C_0637,G6_V4B_143,Card
BKNG_091,C_0285,G5_V1B_108,Card
BKNG_091,C_0430,G6_V4A_010,Card
BKNG_091,C_0615,G6_V4B_170,Card
BKNG_091,C_0626,G6_V4B_181,Card
BKNG_092,C_0172,G1_V5B_172,Card
BKNG_092,C_0228,G2_V2B_081,Card
BKNG_092,C_0431,G6_V4A_074,Card
BKNG_093,C_0229,G2_V2B_082,Card
BKNG_093,C_0285,G4_V1B_070,Card
BKNG_093,C_0432,G6_V4B_144,Card
BKNG_094,C_0433,G6_V4A_011,Card
BKNG_095,C_0173,G1_V5B_173,Card
BKNG_095,C_0286,G5_V1B_166,Card
BKNG_095,C_0434,G6_V4A_075,Card
BKNG_096,C_0286,G4_V1B_071,Card
BKNG_096,C_0435,G6_V4B_145,Card
BKNG_097,C_0287,G5_V1B_110,Card
BKNG_097,C_0436,G6_V4A_012,Card
BKNG_098,C_0174,G1_V5B_174,Card
BKNG_098,C_0230,G2_V2B_087,Card
BKNG_098,C_0437,G6_V4A_076,Card
BKNG_099,C_0231,G2_V2B_088,Card
BKNG_099,C_0287,G4_V1B_072,Card
BKNG_099,C_0438,G6_V4B_146,Card
BKNG_100,C_0439,G6_V4A_013,Card
BKNG_101,C_0175,G1_V5B_175,Card
BKNG_101,C_0231,G3_V3A_050,Card
BKNG_101,C_0288,G5_V1B_168,Card
BKNG_102,C_0288,G4_V1B_073,Card
BKNG_103,C_0232,G4_V1A_001,Card
BKNG_103,C_0440,G6_V4A_014,Card
BKNG_104,C_0232,G2_V2B_091,Card
BKNG_104,C_0289,G5_V1B_169,Card
BKNG_104,C_0441,G6_V4A_091,Card
BKNG_105,C_0233,G4_V1A_002,Card
BKNG_105,C_0289,G4_V1B_074,Card
BKNG_106,C_0176,G1_V5B_290,Card
BKNG_106,C_0233,G2_V2B_092,Card
BKNG_107,C_0177,G1_V5B_177,Card
BKNG_107,C_0290,G5_V1B_170,Card
BKNG_107,C_0442,G6_V4A_092,Card
BKNG_108,C_0234,G2_V2B_093,Card
BKNG_108,C_0290,G4_V1B_075,Card
BKNG_108,C_0443,G6_V4B_149,Card
BKNG_109,C_0234,G4_V1A_004,Card
BKNG_110,C_0291,G5_V1B_171,Card
BKNG_110,C_0444,G6_V4A_093,Card
BKNG_111,C_0235,G3_V3B_088,Card
BKNG_111,C_0291,G3_V3B_119,Card
BKNG_111,C_0444,G3_V3B_150,Card
BKNG_111,C_0638,G3_V3B_181,Card
BKNG_111,C_0669,G4_V1A_005,Card
BKNG_111,C_0700,G4_V1B_076,Card
BKNG_111,C_0731,G4_V1B_103,Card
BKNG_111,C_0853,G4_V1B_181,Card
BKNG_111,C_0886,G5_V1A_043,Card
BKNG_111,C_0931,G6_V4B_150,Card
BKNG_111,C_0993,G6_V4B_397,Card
BKNG_112,C_0178,G1_V5B_292,Card
BKNG_112,C_0235,G2_V2B_095,Card
BKNG_112,C_0292,G4_V1B_137,Card
BKNG_112,C_0445,G4_V1B_182,Card
BKNG_112,C_0638,G5_V1A_044,Card
BKNG_112,C_0669,G5_V1B_115,Card
BKNG_112,C_0700,G6_V4A_017,Card
BKNG_112,C_0731,G6_V4B_193,Card
BKNG_112,C_0853,G6_V4B_224,Card
BKNG_112,C_0887,G6_V4B_255,Card
BKNG_112,C_0932,G6_V4B_286,Card
BKNG_112,C_0994,G6_V4B_326,Card
BKNG_113,C_0179,G1_V5B_179,Card
BKNG_113,C_0235,G1_V5B_293,Card
BKNG_113,C_0293,G3_V3B_089,Card
BKNG_113,C_0445,G3_V3B_120,Card
BKNG_113,C_0639,G3_V3B_151,Card
BKNG_113,C_0670,G3_V3B_182,Card
BKNG_113,C_0701,G4_V1A_006,Card
BKNG_113,C_0732,G4_V1B_104,Card
BKNG_113,C_0854,G4_V1B_183,Card
BKNG_113,C_0887,G5_V1A_045,Card
BKNG_113,C_0933,G6_V4A_094,Card
BKNG_113,C_0995,G6_V4B_398,Card
BKNG_114,C_0236,G1_V5B_294,Card
BKNG_114,C_0294,G2_V2B_096,Card
BKNG_114,C_0446,G4_V1B_077,Card
BKNG_114,C_0639,G4_V1B_138,Card
BKNG_114,C_0670,G4_V1B_184,Card
BKNG_114,C_0701,G5_V1A_046,Card
BKNG_114,C_0732,G6_V4B_194,Card
BKNG_114,C_0854,G6_V4B_225,Card
BKNG_114,C_0888,G6_V4B_256,Card
BKNG_114,C_0934,G6_V4B_287,Card
BKNG_114,C_0996,G6_V4B_327,Card
BKNG_115,C_0236,G3_V3B_090,Card
BKNG_115,C_0295,G3_V3B_121,Card
BKNG_115,C_0446,G3_V3B_152,Card
BKNG_115,C_0640,G3_V3B_183,Card
BKNG_115,C_0671,G4_V1A_007,Card
BKNG_115,C_0702,G4_V1B_105,Card
BKNG_115,C_0733,G4_V1B_185,Card
BKNG_115,C_0855,G5_V1A_047,Card
BKNG_115,C_0888,G5_V1B_116,Card
BKNG_115,C_0935,G6_V4A_018,Card
BKNG_115,C_0997,G6_V4B_399,Card
BKNG_116,C_0296,G2_V2B_097,Card
BKNG_116,C_0447,G4_V1B_139,Card
BKNG_116,C_0640,G4_V1B_186,Card
BKNG_116,C_0671,G5_V1A_048,Card
BKNG_116,C_0702,G6_V4A_095,Card
BKNG_116,C_0733,G6_V4B_195,Card
BKNG_116,C_0855,G6_V4B_226,Card
BKNG_116,C_0889,G6_V4B_257,Card
BKNG_116,C_0936,G6_V4B_288,Card
BKNG_116,C_0998,G6_V4B_328,Card
BKNG_117,C_0297,G3_V3B_091,Card
BKNG_117,C_0447,G3_V3B_122,Card
BKNG_117,C_0641,G3_V3B_153,Card
BKNG_117,C_0672,G3_V3B_184,Card
BKNG_117,C_0703,G4_V1A_008,Card
BKNG_117,C_0734,G4_V1B_078,Card
BKNG_117,C_0856,G4_V1B_106,Card
BKNG_117,C_0889,G4_V1B_187,Card
BKNG_117,C_0937,G5_V1A_049,Card
BKNG_117,C_0999,G6_V4B_400,Card
BKNG_118,C_0180,G1_V5B_298,Card
BKNG_118,C_0237,G2_V2B_098,Card
BKNG_118,C_0298,G4_V1B_107,Card
BKNG_118,C_0448,G4_V1B_140,Card
BKNG_118,C_0641,G4_V1B_188,Card
BKNG_118,C_0672,G5_V1A_050,Card
BKNG_118,C_0703,G5_V1B_117,Card
BKNG_118,C_0734,G6_V4A_019,Card
BKNG_118,C_0857,G6_V4B_196,Card
BKNG_118,C_0890,G6_V4B_227,Card
BKNG_118,C_0938,G6_V4B_258,Card
BKNG_118,C_1000,G6_V4B_298,Card
BKNG_119,C_0181,G1_V5B_181,Card
BKNG_119,C_0237,G1_V5B_299,Card
BKNG_119,C_0299,G3_V3B_092,Card
BKNG_119,C_0448,G3_V3B_123,Card
BKNG_119,C_0642,G3_V3B_154,Card
BKNG_119,C_0673,G3_V3B_185,Card
BKNG_119,C_0704,G4_V1A_009,Card
BKNG_119,C_0735,G4_V1B_108,Card
BKNG_119,C_0858,G4_V1B_141,Card
BKNG_119,C_0891,G4_V1B_189,Card
BKNG_119,C_0939,G6_V4A_096,Card
BKNG_120,C_0238,G1_V5B_309,Card
BKNG_120,C_0309,G2_V2B_099,Card
BKNG_120,C_0449,G4_V1B_109,Card
BKNG_120,C_0642,G4_V1B_142,Card
BKNG_120,C_0673,G4_V1B_190,Card
BKNG_120,C_0704,G5_V1B_054,Card
BKNG_120,C_0735,G6_V4B_197,Card
BKNG_120,C_0859,G6_V4B_228,Card
BKNG_120,C_0892,G6_V4B_259,Card
BKNG_120,C_0940,G6_V4B_299,Card
BKNG_121,C_0238,G3_V3B_093,Card
BKNG_121,C_0310,G3_V3B_124,Card
BKNG_121,C_0449,G3_V3B_155,Card
BKNG_121,C_0643,G3_V3B_186,Card
BKNG_121,C_0674,G4_V1A_010,Card
BKNG_121,C_0705,G4_V1B_110,Card
BKNG_121,C_0736,G4_V1B_143,Card
BKNG_121,C_0860,G4_V1B_191,Card
BKNG_121,C_0893,G5_V1B_118,Card
BKNG_121,C_0941,G6_V4A_020,Card
BKNG_122,C_0311,G2_V2B_100,Card
BKNG_122,C_0450,G4_V1B_111,Card
BKNG_122,C_0643,G4_V1B_144,Card
BKNG_122,C_0705,G6_V4A_097,Card
BKNG_122,C_0736,G6_V4B_198,Card
BKNG_122,C_0861,G6_V4B_229,Card
BKNG_122,C_0894,G6_V4B_260,Card
BKNG_122,C_0942,G6_V4B_300,Card
BKNG_123,C_0312,G3_V3B_094,Card
BKNG_123,C_0450,G3_V3B_125,Card
BKNG_123,C_0644,G3_V3B_156,Card
BKNG_123,C_0675,G3_V3B_187,Card
BKNG_123,C_0706,G4_V1A_011,Card
BKNG_123,C_0737,G4_V1B_145,Card
BKNG_123,C_0861,G4_V1B_193,Card
BKNG_123,C_0895,G5_V1B_055,Card
BKNG_123,C_0943,G6_V4B_372,Card
BKNG_124,C_0182,G1_V5B_313,Card
BKNG_124,C_0239,G2_V2B_101,Card
BKNG_124,C_0313,G4_V1B_112,Card
BKNG_124,C_0451,G4_V1B_146,Card
BKNG_124,C_0644,G4_V1B_194,Card
BKNG_124,C_0675,G5_V1B_119,Card
BKNG_124,C_0706,G6_V4A_021,Card
BKNG_124,C_0737,G6_V4B_199,Card
BKNG_124,C_0862,G6_V4B_230,Card
BKNG_124,C_0896,G6_V4B_261,Card
BKNG_124,C_0944,G6_V4B_301,Card
BKNG_125,C_0183,G1_V5B_183,Card
BKNG_125,C_0239,G1_V5B_314,Card
BKNG_125,C_0314,G3_V3B_095,Card
BKNG_125,C_0451,G3_V3B_126,Card
BKNG_125,C_0645,G3_V3B_157,Card
BKNG_125,C_0676,G3_V3B_188,Card
BKNG_125,C_0707,G4_V1A_012,Card
BKNG_125,C_0738,G4_V1B_147,Card
BKNG_125,C_0862,G4_V1B_195,Card
BKNG_125,C_0897,G6_V4A_098,Card
BKNG_125,C_0945,G6_V4B_373,Card
BKNG_126,C_0240,G1_V5B_315,Card
BKNG_126,C_0315,G2_V2B_102,Card
BKNG_126,C_0452,G4_V1B_113,Card
BKNG_126,C_0645,G4_V1B_148,Card
BKNG_126,C_0676,G4_V1B_196,Card
BKNG_126,C_0707,G5_V1B_056,Card
BKNG_126,C_0738,G6_V4B_200,Card
BKNG_126,C_0863,G6_V4B_231,Card
BKNG_126,C_0898,G6_V4B_262,Card
BKNG_126,C_0946,G6_V4B_302,Card
BKNG_127,C_0240,G3_V3B_096,Card
BKNG_127,C_0316,G3_V3B_127,Card
BKNG_127,C_0452,G3_V3B_158,Card
BKNG_127,C_0646,G3_V3B_189,Card
BKNG_127,C_0677,G4_V1A_013,Card
BKNG_127,C_0708,G4_V1B_149,Card
BKNG_127,C_0739,G4_V1B_197,Card
BKNG_127,C_0863,G5_V1B_120,Card
BKNG_127,C_0899,G6_V4A_022,Card
BKNG_127,C_0947,G6_V4B_374,Card
BKNG_128,C_0317,G2_V2B_103,Card
BKNG_128,C_0453,G4_V1B_114,Card
BKNG_128,C_0646,G4_V1B_150,Card
BKNG_128,C_0708,G6_V4A_099,Card
BKNG_128,C_0739,G6_V4B_201,Card
BKNG_128,C_0864,G6_V4B_232,Card
BKNG_128,C_0948,G6_V4B_303,Card
BKNG_129,C_0318,G3_V3B_097,Card
BKNG_129,C_0453,G3_V3B_128,Card
BKNG_129,C_0647,G3_V3B_159,Card
BKNG_129,C_0678,G3_V3B_190,Card
BKNG_129,C_0709,G4_V1A_014,Card
BKNG_129,C_0740,G4_V1B_199,Card
BKNG_129,C_0864,G5_V1B_057,Card
BKNG_129,C_0900,G5_V1B_063,Card
BKNG_129,C_0949,G6_V4B_375,Card
BKNG_130,C_0184,G1_V5B_319,Card
BKNG_130,C_0241,G2_V2B_104,Card
BKNG_130,C_0319,G4_V1B_115,Card
BKNG_130,C_0454,G4_V1B_200,Card
BKNG_130,C_0647,G5_V1B_121,Card
BKNG_130,C_0678,G6_V4A_023,Card
BKNG_130,C_0709,G6_V4A_061,Card
BKNG_130,C_0740,G6_V4B_202,Card
BKNG_130,C_0865,G6_V4B_233,Card
BKNG_130,C_0900,G6_V4B_264,Card
BKNG_130,C_0950,G6_V4B_304,Card
BKNG_131,C_0185,G1_V5B_185,Card
BKNG_131,C_0241,G1_V5B_320,Card
BKNG_131,C_0320,G3_V3B_098,Card
BKNG_131,C_0454,G3_V3B_129,Card
BKNG_131,C_0648,G3_V3B_160,Card
BKNG_131,C_0679,G3_V3B_191,Card
BKNG_131,C_0710,G4_V1A_015,Card
BKNG_131,C_0741,G4_V1B_151,Card
BKNG_131,C_0865,G5_V1A_001,Card
BKNG_131,C_0951,G6_V4B_376,Card
BKNG_132,C_0242,G1_V5B_321,Card
BKNG_132,C_0321,G2_V2B_105,Card
BKNG_132,C_0455,G4_V1B_116,Card
BKNG_132,C_0648,G5_V1A_002,Card
BKNG_132,C_0679,G5_V1B_058,Card
BKNG_132,C_0710,G5_V1B_064,Card
BKNG_132,C_0741,G6_V4B_203,Card
BKNG_132,C_0866,G6_V4B_234,Card
BKNG_132,C_0952,G6_V4B_305,Card
BKNG_133,C_0242,G3_V3B_099,Card
BKNG_133,C_0322,G3_V3B_130,Card
BKNG_133,C_0455,G3_V3B_161,Card
BKNG_133,C_0649,G3_V3B_192,Card
BKNG_133,C_0680,G4_V1A_016,Card
BKNG_133,C_0711,G5_V1A_003,Card
BKNG_133,C_0742,G5_V1B_122,Card
BKNG_133,C_0866,G6_V4A_024,Card
BKNG_133,C_0901,G6_V4A_062,Card
BKNG_133,C_0953,G6_V4B_377,Card
BKNG_134,C_0323,G2_V2B_106,Card
BKNG_134,C_0456,G4_V1B_117,Card
BKNG_134,C_0649,G4_V1B_152,Card
BKNG_134,C_0680,G5_V1A_004,Card
BKNG_134,C_0711,G6_V4B_101,Card
BKNG_134,C_0742,G6_V4B_204,Card
BKNG_134,C_0867,G6_V4B_235,Card
BKNG_134,C_0902,G6_V4B_266,Card
BKNG_134,C_0954,G6_V4B_306,Card
BKNG_135,C_0324,G3_V3B_100,Card
BKNG_135,C_0456,G3_V3B_131,Card
BKNG_135,C_0650,G3_V3B_162,Card
BKNG_135,C_0681,G3_V3B_193,Card
BKNG_135,C_0712,G4_V1A_017,Card
BKNG_135,C_0743,G5_V1A_005,Card
BKNG_135,C_0867,G5_V1B_059,Card
BKNG_135,C_0902,G5_V1B_065,Card
BKNG_135,C_0955,G6_V4B_378,Card
BKNG_136,C_0186,G1_V5B_325,Card
BKNG_136,C_0243,G2_V2B_107,Card
BKNG_136,C_0325,G4_V1B_118,Card
BKNG_136,C_0457,G5_V1A_006,Card
BKNG_136,C_0650,G5_V1B_123,Card
BKNG_136,C_0681,G6_V4A_025,Card
BKNG_136,C_0712,G6_V4A_063,Card
BKNG_136,C_0743,G6_V4B_205,Card
BKNG_136,C_0868,G6_V4B_236,Card
BKNG_136,C_0956,G6_V4B_307,Card
BKNG_137,C_0187,G1_V5B_187,Card
BKNG_137,C_0243,G1_V5B_326,Card
BKNG_137,C_0326,G3_V3B_101,Card
BKNG_137,C_0457,G3_V3B_132,Card
BKNG_137,C_0651,G3_V3B_163,Card
BKNG_137,C_0682,G3_V3B_194,Card
BKNG_137,C_0713,G4_V1A_018,Card
BKNG_137,C_0744,G4_V1B_153,Card
BKNG_137,C_0868,G5_V1A_007,Card
BKNG_137,C_0957,G6_V4B_379,Card
BKNG_138,C_0244,G1_V5B_327,Card
BKNG_138,C_0327,G2_V2B_108,Card
BKNG_138,C_0458,G4_V1B_119,Card
BKNG_138,C_0651,G5_V1A_008,Card
BKNG_138,C_0682,G5_V1B_060,Card
BKNG_138,C_0713,G5_V1B_066,Card
BKNG_138,C_0744,G6_V4B_206,Card
BKNG_138,C_0869,G6_V4B_237,Card
BKNG_138,C_0958,G6_V4B_308,Card
BKNG_139,C_0244,G3_V3B_102,Card
BKNG_139,C_0328,G3_V3B_133,Card
BKNG_139,C_0458,G3_V3B_164,Card
BKNG_139,C_0652,G3_V3B_195,Card
BKNG_139,C_0683,G4_V1A_019,Card
BKNG_139,C_0714,G5_V1A_009,Card
BKNG_139,C_0745,G5_V1B_124,Card
BKNG_139,C_0869,G6_V4A_026,Card
BKNG_139,C_0903,G6_V4A_064,Card
BKNG_139,C_0959,G6_V4B_380,Card
BKNG_140,C_0329,G2_V2B_109,Card
BKNG_140,C_0459,G4_V1B_120,Card
BKNG_140,C_0652,G4_V1B_154,Card
BKNG_140,C_0683,G5_V1A_010,Card
BKNG_140,C_0714,G6_V4B_103,Card
BKNG_140,C_0745,G6_V4B_207,Card
BKNG_140,C_0870,G6_V4B_238,Card
BKNG_140,C_0960,G6_V4B_309,Card
BKNG_141,C_0330,G3_V3B_103,Card
BKNG_141,C_0459,G3_V3B_134,Card
BKNG_141,C_0653,G3_V3B_165,Card
BKNG_141,C_0684,G3_V3B_196,Card
BKNG_141,C_0715,G4_V1A_020,Card
BKNG_141,C_0746,G5_V1A_011,Card
BKNG_141,C_0870,G5_V1B_061,Card
BKNG_141,C_0904,G5_V1B_067,Card
BKNG_141,C_0961,G6_V4B_381,Card
BKNG_142,C_0188,G1_V5A_006,Card
BKNG_142,C_0245,G2_V2B_110,Card
BKNG_142,C_0331,G4_V1B_121,Card
BKNG_142,C_0460,G5_V1A_012,Card
BKNG_142,C_0653,G5_V1B_125,Card
BKNG_142,C_0684,G6_V4A_027,Card
BKNG_142,C_0715,G6_V4A_065,Card
BKNG_142,C_0746,G6_V4B_208,Card
BKNG_142,C_0871,G6_V4B_239,Card
BKNG_142,C_0904,G6_V4B_270,Card
BKNG_142,C_0962,G6_V4B_310,Card
BKNG_143,C_0189,G1_V5B_189,Card
BKNG_143,C_0245,G1_V5B_331,Card
BKNG_143,C_0331,G3_V3B_104,Card
BKNG_143,C_0460,G3_V3B_135,Card
BKNG_143,C_0654,G3_V3B_166,Card
BKNG_143,C_0685,G3_V3B_197,Card
BKNG_143,C_0716,G4_V1A_021,Card
BKNG_143,C_0747,G4_V1B_155,Card
BKNG_143,C_0871,G5_V1A_013,Card
BKNG_143,C_0963,G6_V4B_382,Card
BKNG_144,C_0246,G1_V5B_246,Card
BKNG_144,C_0332,G2_V2B_111,Card
BKNG_144,C_0461,G4_V1B_122,Card
BKNG_144,C_0654,G5_V1A_014,Card
BKNG_144,C_0685,G5_V1B_062,Card
BKNG_144,C_0716,G5_V1B_068,Card
BKNG_144,C_0747,G6_V4B_209,Card
BKNG_144,C_0872,G6_V4B_240,Card
BKNG_144,C_0964,G6_V4B_311,Card
BKNG_145,C_0246,G3_V3B_105,Card
BKNG_145,C_0332,G3_V3B_136,Card
BKNG_145,C_0461,G3_V3B_167,Card
BKNG_145,C_0655,G4_V1A_022,Card
BKNG_145,C_0686,G4_V1B_089,Card
BKNG_145,C_0717,G5_V1A_015,Card
BKNG_145,C_0839,G5_V1B_126,Card
BKNG_145,C_0872,G6_V4A_028,Card
BKNG_145,C_0905,G6_V4A_066,Card
BKNG_145,C_0965,G6_V4B_383,Card
BKNG_146,C_0333,G2_V2B_112,Card
BKNG_146,C_0462,G4_V1B_123,Card
BKNG_146,C_0686,G5_V1A_016,Card
BKNG_146,C_0717,G6_V4B_105,Card
BKNG_146,C_0839,G6_V4B_210,Card
BKNG_146,C_0873,G6_V4B_241,Card
BKNG_146,C_0966,G6_V4B_312,Card
BKNG_147,C_0333,G3_V3B_106,Card
BKNG_147,C_0462,G3_V3B_137,Card
BKNG_147,C_0656,G3_V3B_168,Card
BKNG_147,C_0687,G4_V1A_023,Card
BKNG_147,C_0718,G4_V1B_090,Card
BKNG_147,C_0840,G5_V1A_017,Card
BKNG_147,C_0873,G5_V1B_069,Card
BKNG_147,C_0906,G5_V1B_070,Card
BKNG_147,C_0967,G6_V4B_384,Card
BKNG_148,C_0190,G1_V5A_009,Card
BKNG_148,C_0247,G2_V2B_113,Card
BKNG_148,C_0334,G4_V1B_124,Card
BKNG_148,C_0463,G5_V1A_018,Card
BKNG_148,C_0656,G5_V1B_127,Card
BKNG_148,C_0687,G6_V4A_029,Card
BKNG_148,C_0718,G6_V4A_067,Card
BKNG_148,C_0840,G6_V4B_211,Card
BKNG_148,C_0874,G6_V4B_242,Card
BKNG_148,C_0906,G6_V4B_273,Card
BKNG_148,C_0968,G6_V4B_313,Card
BKNG_149,C_0191,G1_V5B_191,Card
BKNG_149,C_0247,G1_V5B_334,Card
BKNG_149,C_0334,G3_V3B_107,Card
BKNG_149,C_0463,G3_V3B_138,Card
BKNG_149,C_0657,G3_V3B_169,Card
BKNG_149,C_0688,G4_V1A_024,Card
BKNG_149,C_0719,G4_V1B_091,Card
BKNG_149,C_0841,G4_V1B_157,Card
BKNG_149,C_0874,G5_V1A_019,Card
BKNG_149,C_0907,G6_V4B_106,Card
BKNG_149,C_0969,G6_V4B_385,Card
BKNG_150,C_0248,G1_V5B_300,Card
BKNG_150,C_0335,G2_V2B_114,Card
BKNG_150,C_0464,G4_V1B_125,Card
BKNG_150,C_0657,G4_V1B_158,Card
BKNG_150,C_0688,G5_V1A_020,Card
BKNG_150,C_0719,G5_V1B_071,Card
BKNG_150,C_0841,G6_V4B_212,Card
BKNG_150,C_0875,G6_V4B_243,Card
BKNG_150,C_0908,G6_V4B_274,Card
BKNG_150,C_0970,G6_V4B_314,Card
BKNG_151,C_0248,G3_V3B_108,Card
BKNG_151,C_0335,G3_V3B_139,Card
BKNG_151,C_0464,G3_V3B_170,Card
BKNG_151,C_0658,G4_V1A_025,Card
BKNG_151,C_0689,G4_V1B_092,Card
BKNG_151,C_0720,G4_V1B_159,Card
BKNG_151,C_0842,G5_V1A_021,Card
BKNG_151,C_0875,G5_V1B_128,Card
BKNG_151,C_0909,G6_V4A_030,Card
BKNG_151,C_0971,G6_V4B_386,Card
BKNG_152,C_0336,G2_V2B_115,Card
BKNG_152,C_0465,G4_V1B_126,Card
BKNG_152,C_0658,G4_V1B_160,Card
BKNG_152,C_0689,G5_V1A_022,Card
BKNG_152,C_0720,G6_V4B_107,Card
BKNG_152,C_0842,G6_V4B_213,Card
BKNG_152,C_0876,G6_V4B_244,Card
BKNG_152,C_0910,G6_V4B_275,Card
BKNG_152,C_0972,G6_V4B_315,Card
BKNG_153,C_0336,G3_V3B_109,Card
BKNG_153,C_0465,G3_V3B_140,Card
BKNG_153,C_0659,G3_V3B_171,Card
BKNG_153,C_0690,G4_V1A_026,Card
BKNG_153,C_0721,G4_V1B_093,Card
BKNG_153,C_0843,G4_V1B_161,Card
BKNG_153,C_0876,G5_V1A_023,Card
BKNG_153,C_0911,G5_V1B_072,Card
BKNG_153,C_0973,G6_V4B_387,Card
BKNG_154,C_0192,G1_V5B_302,Card
BKNG_154,C_0249,G2_V2B_116,Card
BKNG_154,C_0337,G4_V1B_127,Card
BKNG_154,C_0466,G4_V1B_162,Card
BKNG_154,C_0659,G5_V1A_024,Card
BKNG_154,C_0690,G5_V1B_129,Card
BKNG_154,C_0721,G6_V4A_031,Card
BKNG_154,C_0843,G6_V4B_214,Card
BKNG_154,C_0877,G6_V4B_245,Card
BKNG_154,C_0912,G6_V4B_276,Card
BKNG_154,C_0974,G6_V4B_316,Card
BKNG_155,C_0193,G1_V5B_193,Card
BKNG_155,C_0249,G1_V5B_337,Card
BKNG_155,C_0337,G3_V3B_110,Card
BKNG_155,C_0466,G3_V3B_141,Card
BKNG_155,C_0660,G3_V3B_172,Card
BKNG_155,C_0691,G4_V1A_027,Card
BKNG_155,C_0722,G4_V1B_094,Card
BKNG_155,C_0844,G4_V1B_163,Card
BKNG_155,C_0877,G5_V1A_025,Card
BKNG_155,C_0913,G6_V4B_108,Card
BKNG_155,C_0975,G6_V4B_388,Card
BKNG_156,C_0250,G1_V5B_303,Card
BKNG_156,C_0338,G2_V2B_117,Card
BKNG_156,C_0467,G4_V1B_128,Card
BKNG_156,C_0660,G4_V1B_164,Card
BKNG_156,C_0691,G5_V1A_026,Card
BKNG_156,C_0722,G5_V1B_073,Card
BKNG_156,C_0844,G6_V4B_215,Card
BKNG_156,C_0878,G6_V4B_246,Card
BKNG_156,C_0914,G6_V4B_277,Card
BKNG_156,C_0976,G6_V4B_317,Card
BKNG_157,C_0250,G3_V3B_111,Card
BKNG_157,C_0338,G3_V3B_142,Card
BKNG_157,C_0467,G3_V3B_173,Card
BKNG_157,C_0661,G4_V1A_028,Card
BKNG_157,C_0692,G4_V1B_095,Card
BKNG_157,C_0723,G4_V1B_165,Card
BKNG_157,C_0845,G5_V1A_027,Card
BKNG_157,C_0878,G5_V1B_130,Card
BKNG_157,C_0915,G6_V4A_032,Card
BKNG_157,C_0977,G6_V4B_389,Card
BKNG_158,C_0339,G2_V2B_118,Card
BKNG_158,C_0468,G4_V1B_129,Card
BKNG_158,C_0692,G5_V1A_028,Card
BKNG_158,C_0723,G6_V4B_109,Card
BKNG_158,C_0845,G6_V4B_216,Card
BKNG_158,C_0879,G6_V4B_247,Card
BKNG_158,C_0916,G6_V4B_278,Card
BKNG_158,C_0978,G6_V4B_318,Card
BKNG_159,C_0339,G3_V3B_112,Card
BKNG_159,C_0468,G3_V3B_143,Card
BKNG_159,C_0662,G3_V3B_174,Card
BKNG_159,C_0693,G4_V1A_029,Card
BKNG_159,C_0724,G4_V1B_096,Card
BKNG_159,C_0846,G4_V1B_167,Card
BKNG_159,C_0879,G5_V1A_029,Card
BKNG_159,C_0917,G5_V1B_074,Card
BKNG_159,C_0979,G6_V4B_390,Card
BKNG_160,C_0194,G1_V5B_305,Card
BKNG_160,C_0251,G2_V2B_119,Card
BKNG_160,C_0340,G2_V2B_164,Card
BKNG_160,C_0491,G4_V1B_130,Card
BKNG_160,C_0514,G4_V1B_168,Card
BKNG_160,C_0542,G5_V1A_030,Card
BKNG_160,C_0662,G5_V1B_131,Card
BKNG_160,C_0693,G5_V1B_173,Card
BKNG_160,C_0724,G6_V4A_033,Card
BKNG_160,C_0846,G6_V4B_217,Card
BKNG_160,C_0880,G6_V4B_248,Card
BKNG_160,C_0918,G6_V4B_279,Card
BKNG_160,C_0980,G6_V4B_319,Card
BKNG_161,C_0195,G1_V5B_195,Card
BKNG_161,C_0251,G1_V5B_340,Card
BKNG_161,C_0469,G2_V2B_193,Card
BKNG_161,C_0492,G3_V3B_113,Card
BKNG_161,C_0514,G3_V3B_144,Card
BKNG_161,C_0543,G3_V3B_175,Card
BKNG_161,C_0663,G4_V1A_030,Card
BKNG_161,C_0694,G4_V1B_097,Card
BKNG_161,C_0725,G4_V1B_169,Card
BKNG_161,C_0847,G5_V1A_031,Card
BKNG_161,C_0880,G5_V1B_196,Card
BKNG_161,C_0919,G6_V4B_110,Card
BKNG_161,C_0981,G6_V4B_391,Card
BKNG_162,C_0252,G1_V5B_306,Cash
BKNG_162,C_0470,G2_V2B_165,Cash
BKNG_162,C_0492,G2_V2B_194,Cash
BKNG_162,C_0515,G4_V1B_131,Cash
BKNG_162,C_0544,G4_V1B_170,Cash
BKNG_162,C_0663,G5_V1A_032,Cash
BKNG_162,C_0694,G5_V1B_075,Cash
BKNG_162,C_0725,G5_V1B_174,Cash
BKNG_162,C_0847,G6_V4B_218,Cash
BKNG_162,C_0881,G6_V4B_249,Cash
BKNG_162,C_0920,G6_V4B_280,Cash
BKNG_162,C_0982,G6_V4B_320,Cash
BKNG_163,C_0252,G2_V2B_143,Card
BKNG_163,C_0341,G2_V2B_195,Card
BKNG_163,C_0470,G3_V3B_114,Card
BKNG_163,C_0493,G3_V3B_145,Card
BKNG_163,C_0515,G3_V3B_176,Card
BKNG_163,C_0545,G4_V1A_031,Card
BKNG_163,C_0664,G4_V1B_098,Card
BKNG_163,C_0695,G4_V1B_171,Card
BKNG_163,C_0726,G5_V1A_033,Card
BKNG_163,C_0848,G5_V1B_132,Card
BKNG_163,C_0881,G5_V1B_197,Card
BKNG_163,C_0921,G6_V4A_034,Card
BKNG_163,C_0983,G6_V4B_392,Card
BKNG_164,C_0342,G2_V2B_121,Card
BKNG_164,C_0493,G2_V2B_196,Card
BKNG_164,C_0516,G4_V1B_132,Card
BKNG_164,C_0546,G4_V1B_172,Card
BKNG_164,C_0664,G5_V1A_034,Card
BKNG_164,C_0695,G5_V1B_175,Card
BKNG_164,C_0726,G6_V4B_111,Card
BKNG_164,C_0848,G6_V4B_219,Card
BKNG_164,C_0882,G6_V4B_250,Card
BKNG_164,C_0922,G6_V4B_281,Card
BKNG_164,C_0984,G6_V4B_321,Card
BKNG_165,C_0471,G2_V2B_197,Cash
BKNG_165,C_0494,G3_V3B_115,Cash
BKNG_165,C_0516,G3_V3B_146,Cash
BKNG_165,C_0547,G3_V3B_177,Cash
BKNG_165,C_0665,G4_V1A_032,Cash
BKNG_165,C_0696,G4_V1B_099,Cash
BKNG_165,C_0727,G4_V1B_173,Cash
BKNG_165,C_0849,G5_V1A_035,Cash
BKNG_165,C_0882,G5_V1B_076,Cash
BKNG_165,C_0923,G5_V1B_198,Cash
BKNG_165,C_0985,G6_V4B_393,Cash
BKNG_166,C_0196,G1_V5B_308,Card
BKNG_166,C_0253,G2_V2B_122,Card
BKNG_166,C_0494,G4_V1B_133,Card
BKNG_166,C_0517,G4_V1B_174,Card
BKNG_166,C_0548,G5_V1A_036,Card
BKNG_166,C_0665,G5_V1B_133,Card
BKNG_166,C_0696,G5_V1B_176,Card
BKNG_166,C_0727,G6_V4A_035,Card
BKNG_166,C_0849,G6_V4B_220,Card
BKNG_166,C_0883,G6_V4B_251,Card
BKNG_166,C_0924,G6_V4B_282,Card
BKNG_166,C_0986,G6_V4B_322,Card
BKNG_167,C_0197,G1_V5B_197,Card
BKNG_167,C_0253,G1_V5B_343,Card
BKNG_167,C_0343,G2_V2B_145,Card
BKNG_167,C_0472,G2_V2B_199,Card
BKNG_167,C_0495,G3_V3B_116,Card
BKNG_167,C_0517,G3_V3B_147,Card
BKNG_167,C_0549,G3_V3B_178,Card
BKNG_167,C_0666,G4_V1A_033,Card
BKNG_167,C_0697,G4_V1B_100,Card
BKNG_167,C_0728,G4_V1B_175,Card
BKNG_167,C_0850,G5_V1A_037,Card
BKNG_167,C_0883,G5_V1B_199,Card
BKNG_167,C_0925,G6_V4B_112,Card
BKNG_167,C_0987,G6_V4B_394,Card
BKNG_168,C_0254,G1_V5B_344,Card
BKNG_168,C_0344,G2_V2B_123,Card
BKNG_168,C_0473,G2_V2B_168,Card
BKNG_168,C_0495,G4_V1B_134,Card
BKNG_168,C_0518,G4_V1B_176,Card
BKNG_168,C_0549,G5_V1A_038,Card
BKNG_168,C_0666,G5_V1B_077,Card
BKNG_168,C_0697,G5_V1B_177,Card
BKNG_168,C_0728,G6_V4B_221,Card
BKNG_168,C_0850,G6_V4B_252,Card
BKNG_168,C_0884,G6_V4B_283,Card
BKNG_168,C_0926,G6_V4B_323,Card
BKNG_168,C_0988,G6_V4B_329,Card
BKNG_169,C_0197,G2_V2B_146,Card
BKNG_169,C_0254,G2_V2B_200,Card
BKNG_169,C_0344,G3_V3A_043,Card
BKNG_169,C_0473,G3_V3B_117,Card
BKNG_169,C_0496,G3_V3B_148,Card
BKNG_169,C_0518,G3_V3B_179,Card
BKNG_169,C_0550,G4_V1A_034,Card
BKNG_169,C_0667,G4_V1B_101,Card
BKNG_169,C_0698,G4_V1B_177,Card
BKNG_169,C_0729,G5_V1A_039,Card
BKNG_169,C_0851,G5_V1B_134,Card
BKNG_169,C_0884,G5_V1B_200,Card
BKNG_169,C_0927,G6_V4A_036,Card
BKNG_169,C_0989,G6_V4B_395,Card
BKNG_170,C_0345,G2_V2B_124,Card
BKNG_170,C_0474,G2_V2B_169,Card
BKNG_170,C_0496,G4_V1B_135,Card
BKNG_170,C_0519,G4_V1B_178,Card
BKNG_170,C_0550,G5_V1A_040,Card
BKNG_170,C_0667,G5_V1B_178,Card
BKNG_170,C_0698,G6_V4B_113,Card
BKNG_170,C_0729,G6_V4B_222,Card
BKNG_170,C_0851,G6_V4B_253,Card
BKNG_170,C_0885,G6_V4B_284,Card
BKNG_170,C_0928,G6_V4B_324,Card
BKNG_170,C_0990,G6_V4B_330,Card
BKNG_171,C_0255,G2_V2B_147,Card
BKNG_171,C_0345,G3_V3A_016,Card
BKNG_171,C_0474,G3_V3A_044,Card
BKNG_171,C_0497,G3_V3B_118,Card
BKNG_171,C_0519,G3_V3B_149,Card
BKNG_171,C_0566,G3_V3B_180,Card
BKNG_171,C_0668,G4_V1A_035,Card
BKNG_171,C_0699,G4_V1B_102,Card
BKNG_171,C_0730,G4_V1B_179,Card
BKNG_171,C_0852,G5_V1A_041,Card
BKNG_171,C_0885,G5_V1B_078,Card
BKNG_171,C_0929,G6_V4B_151,Card
BKNG_171,C_0991,G6_V4B_396,Card
BKNG_172,C_0198,G1_V5B_346,Card
BKNG_172,C_0346,G2_V2B_170,Card
BKNG_172,C_0475,G4_V1B_136,Card
BKNG_172,C_0497,G4_V1B_180,Card
BKNG_172,C_0520,G5_V1A_042,Card
BKNG_172,C_0566,G5_V1B_135,Card
BKNG_172,C_0668,G5_V1B_179,Card
BKNG_172,C_0699,G6_V4A_037,Card
BKNG_172,C_0730,G6_V4B_223,Card
BKNG_172,C_0852,G6_V4B_254,Card
BKNG_172,C_0886,G6_V4B_285,Card
BKNG_172,C_0930,G6_V4B_325,Card
BKNG_172,C_0992,G6_V4B_346,Card
BKNG_173,C_0199,G1_V5B_199,Card
BKNG_173,C_0346,G3_V3A_017,Card
BKNG_173,C_0475,G3_V3A_045,Card
BKNG_173,C_0498,G4_V1A_036,Card
BKNG_173,C_0520,G6_V4B_114,Card
BKNG_174,C_0347,G2_V2B_126,Card
BKNG_174,C_0476,G2_V2B_171,Card
BKNG_174,C_0498,G5_V1B_079,Card
BKNG_174,C_0521,G5_V1B_180,Card
BKNG_174,C_0567,G6_V4B_347,Card
BKNG_175,C_0199,G2_V2B_149,Cash
BKNG_175,C_0256,G3_V3A_018,Cash
BKNG_175,C_0347,G3_V3A_046,Cash
BKNG_175,C_0476,G4_V1A_037,Cash
BKNG_175,C_0499,G5_V1B_136,Cash
BKNG_175,C_0521,G6_V4A_038,Cash
BKNG_176,C_0256,G1_V5B_348,Card
BKNG_176,C_0348,G2_V2B_127,Card
BKNG_176,C_0477,G2_V2B_172,Card
BKNG_176,C_0522,G6_V4B_115,Card
BKNG_176,C_0568,G6_V4B_348,Card
BKNG_177,C_0348,G3_V3A_019,Card
BKNG_177,C_0477,G3_V3A_047,Card
BKNG_177,C_0500,G4_V1A_038,Card
BKNG_177,C_0522,G5_V1B_080,Card
BKNG_178,C_0200,G1_V5B_349,Card
BKNG_178,C_0349,G2_V2B_173,Card
BKNG_178,C_0478,G5_V1B_137,Card
BKNG_178,C_0500,G5_V1B_182,Card
BKNG_178,C_0523,G6_V4A_039,Card
BKNG_178,C_0569,G6_V4B_349,Card
BKNG_179,C_0201,G1_V5B_201,Card
BKNG_179,C_0257,G2_V2B_151,Card
BKNG_179,C_0349,G3_V3A_020,Card
BKNG_179,C_0478,G3_V3A_048,Card
BKNG_179,C_0501,G4_V1A_039,Card
BKNG_180,C_0258,G1_V5B_350,Card
BKNG_180,C_0350,G2_V2B_129,Card
BKNG_180,C_0479,G2_V2B_174,Card
BKNG_180,C_0501,G5_V1B_081,Card
BKNG_180,C_0524,G5_V1B_183,Card
BKNG_180,C_0570,G6_V4B_350,Card
BKNG_181,C_0201,G2_V2B_152,Card
BKNG_181,C_0258,G3_V3A_021,Card
BKNG_181,C_0350,G3_V3A_049,Card
BKNG_181,C_0479,G4_V1A_040,Card
BKNG_181,C_0502,G5_V1B_138,Card
BKNG_181,C_0524,G6_V4A_040,Card
BKNG_182,C_0258,G2_V2A_001,Card
BKNG_182,C_0351,G2_V2B_130,Card
BKNG_182,C_0480,G2_V2B_175,Card
BKNG_182,C_0502,G5_V1B_184,Card
BKNG_182,C_0525,G6_V4B_117,Card
BKNG_182,C_0571,G6_V4B_351,Card
BKNG_183,C_0202,G1_V5B_259,Cash
BKNG_183,C_0259,G2_V2A_002,Cash
BKNG_183,C_0352,G2_V2B_153,Cash
BKNG_183,C_0480,G3_V3A_022,Cash
BKNG_183,C_0503,G4_V1A_041,Cash
BKNG_183,C_0525,G5_V1B_082,Cash
BKNG_184,C_0202,G2_V2A_003,Card
BKNG_184,C_0259,G2_V2B_131,Card
BKNG_184,C_0353,G2_V2B_176,Card
BKNG_184,C_0481,G5_V1B_139,Card
BKNG_184,C_0503,G5_V1B_185,Card
BKNG_184,C_0572,G6_V4B_352,Card
BKNG_185,C_0203,G1_V5B_203,Card
BKNG_185,C_0354,G2_V2B_154,Card
BKNG_185,C_0481,G3_V3A_023,Card
BKNG_185,C_0504,G4_V1A_042,Card
BKNG_185,C_0526,G6_V4B_118,Card
BKNG_186,C_0355,G2_V2B_132,Card
BKNG_186,C_0482,G2_V2B_177,Card
BKNG_186,C_0504,G5_V1B_083,Card
BKNG_186,C_0527,G5_V1B_186,Card
BKNG_186,C_0573,G6_V4B_353,Card
BKNG_187,C_0203,G2_V2A_006,Card
BKNG_187,C_0356,G3_V3A_024,Card
BKNG_187,C_0482,G4_V1A_043,Card
BKNG_187,C_0505,G5_V1B_140,Card
BKNG_187,C_0527,G6_V4A_042,Card
BKNG_188,C_0260,G2_V2A_007,Card
BKNG_188,C_0357,G2_V2B_133,Card
BKNG_188,C_0483,G2_V2B_178,Card
BKNG_188,C_0528,G6_V4B_119,Card
BKNG_188,C_0574,G6_V4B_354,Card
BKNG_189,C_0204,G1_V5B_261,Card
BKNG_189,C_0261,G2_V2A_008,Card
BKNG_189,C_0358,G2_V2B_156,Card
BKNG_189,C_0483,G3_V3A_025,Card
BKNG_189,C_0506,G4_V1A_044,Card
BKNG_189,C_0528,G5_V1B_084,Card
BKNG_190,C_0204,G2_V2A_009,Card
BKNG_190,C_0359,G2_V2B_179,Card
BKNG_190,C_0484,G5_V1B_141,Card
BKNG_190,C_0506,G5_V1B_188,Card
BKNG_190,C_0575,G6_V4B_355,Card
BKNG_191,C_0205,G1_V5B_205,Card
BKNG_191,C_0360,G2_V2B_157,Card
BKNG_191,C_0484,G3_V3A_026,Card
BKNG_191,C_0507,G4_V1A_045,Card
BKNG_191,C_0529,G6_V4B_120,Card
BKNG_192,C_0361,G2_V2B_135,Card
BKNG_192,C_0485,G2_V2B_180,Card
BKNG_192,C_0507,G5_V1B_085,Card
BKNG_192,C_0530,G5_V1B_189,Card
BKNG_192,C_0576,G6_V4B_356,Card
BKNG_193,C_0205,G2_V2A_012,Card
BKNG_193,C_0362,G3_V3A_027,Card
BKNG_193,C_0485,G4_V1A_046,Card
BKNG_193,C_0508,G5_V1B_142,Card
BKNG_193,C_0530,G6_V4A_044,Card
BKNG_194,C_0262,G2_V2A_013,Card
BKNG_194,C_0363,G2_V2B_136,Card
BKNG_194,C_0486,G2_V2B_181,Card
BKNG_194,C_0531,G6_V4B_121,Card
BKNG_194,C_0577,G6_V4B_357,Card
BKNG_195,C_0206,G1_V5B_263,Card
BKNG_195,C_0263,G2_V2A_014,Card
BKNG_195,C_0364,G2_V2B_159,Card
BKNG_195,C_0509,G3_V3A_028,Card
BKNG_195,C_0532,G4_V1A_047,Card
BKNG_195,C_0578,G5_V1B_086,Card
BKNG_196,C_0206,G2_V2A_015,Card
BKNG_196,C_0365,G2_V2B_183,Card
BKNG_196,C_0487,G5_V1B_143,Card
BKNG_196,C_0509,G5_V1B_191,Card
BKNG_196,C_0533,G6_V4A_045,Card
BKNG_196,C_0578,G6_V4B_358,Card
BKNG_197,C_0207,G1_V5B_207,Card
BKNG_197,C_0366,G2_V2B_160,Card
BKNG_197,C_0487,G2_V2B_184,Card
BKNG_197,C_0510,G3_V3A_029,Card
BKNG_197,C_0534,G4_V1A_048,Card
BKNG_197,C_0579,G6_V4B_122,Card
BKNG_198,C_0367,G2_V2B_138,Card
BKNG_198,C_0488,G2_V2B_185,Card
BKNG_198,C_0510,G5_V1B_087,Card
BKNG_198,C_0535,G5_V1B_192,Card
BKNG_199,C_0207,G2_V2A_018,Card
BKNG_199,C_0368,G2_V2B_186,Card
BKNG_199,C_0488,G3_V3A_030,Card
BKNG_199,C_0511,G4_V1A_049,Card
BKNG_199,C_0536,G5_V1B_144,Card
BKNG_200,C_0264,G2_V2A_019,Card
BKNG_200,C_0369,G2_V2B_139,Card
BKNG_200,C_0511,G5_V1B_193,Card
BKNG_200,C_0537,G6_V4B_123,Card
BKNG_200,C_0580,G6_V4B_360,Card
BKNG_201,C_0208,G1_V5B_265,Card
BKNG_201,C_0265,G2_V2A_020,Card
BKNG_201,C_0370,G2_V2B_162,Card
BKNG_201,C_0489,G2_V2B_188,Card
BKNG_201,C_0512,G3_V3A_031,Card
BKNG_201,C_0538,G3_V3A_035,Card
BKNG_201,C_0581,G4_V1A_050,Card
BKNG_201,C_0585,G5_V1B_088,Card
BKNG_202,C_0208,G2_V2A_021,Card
BKNG_202,C_0371,G2_V2B_189,Card
BKNG_202,C_0490,G5_V1B_145,Card
BKNG_202,C_0512,G5_V1B_194,Card
BKNG_202,C_0539,G6_V4A_047,Card
BKNG_202,C_0581,G6_V4B_361,Card
BKNG_202,C_0585,G6_V4B_365,Card
BKNG_203,C_0209,G1_V5B_209,Card
BKNG_203,C_0372,G2_V2B_163,Card
BKNG_203,C_0490,G2_V2B_190,Card
BKNG_203,C_0513,G3_V3A_032,Card
BKNG_203,C_0540,G3_V3A_036,Card
BKNG_203,C_0582,G5_V1B_172,Card
BKNG_204,C_0266,G2_V2A_023,Card
BKNG_204,C_0373,G2_V2B_141,Card
BKNG_204,C_0491,G2_V2B_191,Card
BKNG_204,C_0513,G5_V1B_089,Card
BKNG_204,C_0541,G5_V1B_195,Card
BKNG_204,C_0582,G6_V4B_362,Card
BKNG_204,C_0586,G6_V4B_366,Card
BKNG_205,C_0583,G3_V3A_033,Card
BKNG_205,C_0587,G3_V3A_037,Card
BKNG_206,C_0583,G6_V4B_363,Card
BKNG_206,C_0587,G6_V4B_367,Card
BKNG_207,C_0584,G3_V3A_034,Card
BKNG_207,C_0588,G3_V3A_038,Card
BKNG_208,C_0584,G6_V4B_364,Card
BKNG_208,C_0588,G6_V4B_368,Card